"CITY","COUNTRY","Browser","Operating_System","Country_Code","Date"
"Sydney","Australia","--","--","AU","Dec 12, 2011 4:22 AM"
"Sydney","Australia","--","--","AU","Dec 12, 2011 4:22 AM"
"Sydney","Australia","--","--","AU","Dec 12, 2011 4:22 AM"
"Sydney","Australia","--","--","AU","Dec 12, 2011 4:22 AM"
"Sydney","Australia","--","--","AU","Dec 12, 2011 4:22 AM"
"Sydney","Australia","--","--","AU","Dec 12, 2011 4:22 AM"
"Sydney","Australia","--","--","AU","Dec 12, 2011 4:22 AM"
"Sydney","Australia","--","--","AU","Dec 12, 2011 4:22 AM"
"Sydney","Australia","--","--","AU","Dec 12, 2011 4:22 AM"
"Castle Hill","Australia","--","--","AU","Feb 28, 2011 2:25 PM"
"Coburg","Australia","--","--","AU","Feb 28, 2011 2:25 PM"
"Sydney","Australia","--","--","AU","Feb 28, 2011 2:25 PM"
"Sydney","Australia","--","--","AU","Feb 28, 2011 2:25 PM"
"Sydney","Australia","--","--","AU","Feb 28, 2011 2:25 PM"
,"Australia","--","--","AU","Feb 28, 2011 2:25 PM"
,"Australia","--","--","AU","Feb 28, 2011 2:25 PM"
,"Australia","--","--","AU","Feb 28, 2011 2:25 PM"
,"Australia","--","--","AU","Feb 28, 2011 2:25 PM"
,"Australia","--","--","AU","Feb 28, 2011 2:25 PM"
,"Australia","--","--","AU","Feb 28, 2011 2:25 PM"
,"Australia","--","--","AU","Feb 28, 2011 2:26 PM"
,"Australia","--","--","AU","Feb 28, 2011 2:26 PM"
,"Australia","--","--","AU","Sep 6, 2011 9:39 AM"
,"Australia","--","--","AU","Sep 6, 2011 9:39 AM"
,"Australia","--","--","AU","Sep 6, 2011 9:39 AM"
,"Australia","--","--","AU","Sep 6, 2011 9:39 AM"
,"Australia","--","--","AU","Sep 6, 2011 9:39 AM"
,"Australia","--","--","AU","Sep 6, 2011 9:39 AM"
,"Australia","--","--","AU","Sep 6, 2011 9:39 AM"
,"Australia","--","--","AU","Sep 6, 2011 9:39 AM"
,"Australia","--","--","AU","Sep 6, 2011 9:39 AM"
,"Australia","--","--","AU","Sep 6, 2011 9:39 AM"
,"Australia","--","--","AU","Sep 6, 2011 9:39 AM"
,"Australia","--","--","AU","Sep 6, 2011 9:39 AM"
,"Australia","--","--","AU","Sep 6, 2011 9:39 AM"
,"Australia","--","--","AU","Sep 6, 2011 9:39 AM"
,"Australia","--","--","AU","Sep 6, 2011 9:39 AM"
,"Belgium","--","--","BE","Feb 28, 2011 2:25 PM"
,"Brazil","--","--","BR","Feb 28, 2011 2:25 PM"
,"Bulgaria","--","--","BG","Sep 6, 2011 9:39 AM"
,"Bulgaria","--","--","BG","Sep 6, 2011 9:39 AM"
,"Canada","--","--","CA","Sep 6, 2011 5:08 PM"
,"Canada","--","--","CA","Sep 6, 2011 5:09 PM"
,"Canada","--","--","CA","Sep 6, 2011 9:39 AM"
,"Canada","--","--","CA","Sep 6, 2011 9:39 AM"
,"Canada","--","--","CA","Sep 6, 2011 9:39 AM"
"Bogota DC","Colombia","--","--","CO","Feb 28, 2011 2:25 PM"
"Pisarov","Czech Republic","--","--","CZ","Feb 28, 2011 2:25 PM"
,"Czech Republic","--","--","CZ","Sep 6, 2011 9:39 AM"
,"Denmark","--","--","DK","Feb 28, 2011 2:25 PM"
,"Denmark","--","--","DK","Feb 28, 2011 2:25 PM"
,"Finland","--","--","FI","Sep 6, 2011 9:39 AM"
"Antony","France","--","--","FR","Feb 28, 2011 2:25 PM"
"Avignon","France","--","--","FR","Feb 28, 2011 2:25 PM"
"Paris","France","--","--","FR","Feb 28, 2011 2:25 PM"
"Paris","France","--","--","FR","Feb 28, 2011 2:25 PM"
"Pauilhac","France","--","--","FR","Feb 28, 2011 2:25 PM"
,"France","--","--","FR","Feb 28, 2011 2:25 PM"
,"France","--","--","FR","Sep 6, 2011 9:39 AM"
,"Germany","--","--","DE","Sep 6, 2011 9:39 AM"
"Athens","Greece","--","--","GR","Feb 28, 2011 2:26 PM"
,"Hong Kong","--","--","HK","Sep 6, 2011 9:39 AM"
"Hellissandur","Iceland","--","--","IS","Feb 28, 2011 2:25 PM"
"Reykjavík","Iceland","--","--","IS","Feb 28, 2011 2:26 PM"
"dublin 2","Ireland","--","--","IE","Feb 28, 2011 2:25 PM"
"Tralee","Ireland","--","--","IE","Feb 28, 2011 2:25 PM"
,"Ireland","--","--","IE","Feb 28, 2011 2:25 PM"
,"Ireland","--","--","IE","Feb 28, 2011 2:25 PM"
"Dublin","Ireland","--","--","IE","Sep 6, 2011 9:39 AM"
,"Ireland","--","--","IE","Sep 6, 2011 9:39 AM"
,"Ireland","--","--","IE","Sep 6, 2011 9:39 AM"
,"Ireland","--","--","IE","Sep 6, 2011 9:39 AM"
,"Ireland","--","--","IE","Sep 6, 2011 9:39 AM"
,"Ireland","--","--","IE","Sep 6, 2011 9:39 AM"
,"Ireland","--","--","IE","Sep 7, 2011 9:47 AM"
,"Ireland","--","--","IE","Sep 7, 2011 9:48 AM"
"Torino","Italy","--","--","IT","Feb 28, 2011 2:25 PM"
,"Malaysia","--","--","MY","Sep 6, 2011 9:39 AM"
,"Malaysia","--","--","MY","Sep 6, 2011 9:39 AM"
,"Malta","--","--","MT","Feb 28, 2011 2:25 PM"
"Wellington","New Zealand","--","--","NZ","Sep 6, 2011 9:39 AM"
,"New Zealand","--","--","NZ","Sep 6, 2011 9:39 AM"
,"New Zealand","--","--","NZ","Sep 6, 2011 9:39 AM"
,"New Zealand","--","--","NZ","Sep 6, 2011 9:39 AM"
,"Norway","--","--","NO","Feb 28, 2011 2:25 PM"
,"Romania","--","--","RO","Feb 28, 2011 2:25 PM"
,"Russia","--","--","RU","Sep 6, 2011 9:39 AM"
"Singapore","Singapore","--","--","SG","Feb 28, 2011 2:25 PM"
"Singapore","Singapore","--","--","SG","Feb 28, 2011 2:25 PM"
,"Singapore","--","--","SG","Feb 28, 2011 2:25 PM"
,"Singapore","--","--","SG","Sep 6, 2011 9:39 AM"
,"Singapore","--","--","SG","Sep 6, 2011 9:39 AM"
,"Singapore","--","--","SG","Sep 6, 2011 9:39 AM"
,"Singapore","--","--","SG","Sep 6, 2011 9:39 AM"
,"Singapore","--","--","SG","Sep 6, 2011 9:39 AM"
,"Singapore","--","--","SG","Sep 6, 2011 9:39 AM"
,"Turkey","--","--","TR","Sep 6, 2011 9:39 AM"
"Dubai","UAE","--","--","AE","Feb 28, 2011 2:25 PM"
"Faber","United States Minor Outlying Islands","--","--","UM","Feb 28, 2011 2:26 PM"
"Saffron Walden","United Kingdom","--","--","GB","Oct 13, 2011 2:56 PM"
"Saffron Walden","United Kingdom","--","--","GB","Oct 13, 2011 2:56 PM"
"Brighton","United Kingdom","--","--","GB","Oct 7, 2011 11:47 AM"
"Bristol","United Kingdom","--","--","GB","Oct 7, 2011 11:47 AM"
"Bristol","United Kingdom","--","--","GB","Oct 7, 2011 11:47 AM"
"Bristol","United Kingdom","--","--","GB","Oct 7, 2011 11:47 AM"
"Cambridge","United Kingdom","--","--","GB","Oct 7, 2011 11:47 AM"
"Cambridge","United Kingdom","--","--","GB","Oct 7, 2011 11:47 AM"
"Cambridge","United Kingdom","--","--","GB","Oct 7, 2011 11:47 AM"
"Cambridge","United Kingdom","--","--","GB","Oct 7, 2011 11:47 AM"
"Cambridge","United Kingdom","--","--","GB","Oct 7, 2011 11:47 AM"
"Cambridge","United Kingdom","--","--","GB","Oct 7, 2011 11:47 AM"
"Cambridge","United Kingdom","--","--","GB","Oct 7, 2011 11:47 AM"
"Cardiff","United Kingdom","--","--","GB","Oct 7, 2011 11:47 AM"
"Cardiff","United Kingdom","--","--","GB","Oct 7, 2011 11:47 AM"
"Cardiff","United Kingdom","--","--","GB","Oct 7, 2011 11:47 AM"
"Colwyn Bay","United Kingdom","--","--","GB","Oct 7, 2011 11:47 AM"
"Colwyn Bay","United Kingdom","--","--","GB","Oct 7, 2011 11:47 AM"
"London","United Kingdom","--","--","GB","Oct 7, 2011 11:47 AM"
"London","United Kingdom","--","--","GB","Oct 7, 2011 11:47 AM"
"London","United Kingdom","--","--","GB","Oct 7, 2011 11:47 AM"
"London","United Kingdom","--","--","GB","Oct 7, 2011 11:47 AM"
"London","United Kingdom","--","--","GB","Oct 7, 2011 11:47 AM"
"London","United Kingdom","--","--","GB","Oct 7, 2011 11:47 AM"
"London","United Kingdom","--","--","GB","Oct 7, 2011 11:47 AM"
"London","United Kingdom","--","--","GB","Oct 7, 2011 11:47 AM"
"London","United Kingdom","--","--","GB","Oct 7, 2011 11:47 AM"
"London","United Kingdom","--","--","GB","Oct 7, 2011 11:47 AM"
"London","United Kingdom","--","--","GB","Oct 7, 2011 11:47 AM"
"London","United Kingdom","--","--","GB","Oct 7, 2011 11:47 AM"
"London","United Kingdom","--","--","GB","Oct 7, 2011 11:47 AM"
"Bristol","United Kingdom","--","--","GB","Oct 7, 2011 11:48 AM"
"Cambridge","United Kingdom","--","--","GB","Oct 7, 2011 11:48 AM"
"Cambridge","United Kingdom","--","--","GB","Oct 7, 2011 11:48 AM"
"Cambridge","United Kingdom","--","--","GB","Oct 7, 2011 11:48 AM"
"Cambridge","United Kingdom","--","--","GB","Oct 7, 2011 11:48 AM"
"Cambridge","United Kingdom","--","--","GB","Oct 7, 2011 11:48 AM"
"Cambridge","United Kingdom","--","--","GB","Oct 7, 2011 11:48 AM"
"Cardiff","United Kingdom","--","--","GB","Oct 7, 2011 11:48 AM"
"Cardiff","United Kingdom","--","--","GB","Oct 7, 2011 11:48 AM"
"Cardiff","United Kingdom","--","--","GB","Oct 7, 2011 11:48 AM"
"Cardiff","United Kingdom","--","--","GB","Oct 7, 2011 11:48 AM"
"Cardiff","United Kingdom","--","--","GB","Oct 7, 2011 11:48 AM"
"Cardiff","United Kingdom","--","--","GB","Oct 7, 2011 11:48 AM"
"Cardiff","United Kingdom","--","--","GB","Oct 7, 2011 11:48 AM"
"Cardiff","United Kingdom","--","--","GB","Oct 7, 2011 11:48 AM"
"Cardiff","United Kingdom","--","--","GB","Oct 7, 2011 11:48 AM"
"Cardiff","United Kingdom","--","--","GB","Oct 7, 2011 11:48 AM"
"Coventry","United Kingdom","--","--","GB","Oct 7, 2011 11:48 AM"
"Edinburgh","United Kingdom","--","--","GB","Oct 7, 2011 11:48 AM"
"Essex","United Kingdom","--","--","GB","Oct 7, 2011 11:48 AM"
"Essex","United Kingdom","--","--","GB","Oct 7, 2011 11:48 AM"
"Gwynned","United Kingdom","--","--","GB","Oct 7, 2011 11:48 AM"
"Histon","United Kingdom","--","--","GB","Oct 7, 2011 11:48 AM"
"Ipswich","United Kingdom","--","--","GB","Oct 7, 2011 11:48 AM"
"Leeds","United Kingdom","--","--","GB","Oct 7, 2011 11:48 AM"
"Leeds","United Kingdom","--","--","GB","Oct 7, 2011 11:48 AM"
"Leeds","United Kingdom","--","--","GB","Oct 7, 2011 11:48 AM"
"Leicester","United Kingdom","--","--","GB","Oct 7, 2011 11:48 AM"
"Leicester","United Kingdom","--","--","GB","Oct 7, 2011 11:48 AM"
"Leicester","United Kingdom","--","--","GB","Oct 7, 2011 11:48 AM"
"Liverpool","United Kingdom","--","--","GB","Oct 7, 2011 11:48 AM"
"Liverpool","United Kingdom","--","--","GB","Oct 7, 2011 11:48 AM"
"Liverpool","United Kingdom","--","--","GB","Oct 7, 2011 11:48 AM"
"London","United Kingdom","--","--","GB","Oct 7, 2011 11:48 AM"
"London","United Kingdom","--","--","GB","Oct 7, 2011 11:48 AM"
"London","United Kingdom","--","--","GB","Oct 7, 2011 11:48 AM"
"London","United Kingdom","--","--","GB","Oct 7, 2011 11:48 AM"
"London","United Kingdom","--","--","GB","Oct 7, 2011 11:48 AM"
"London","United Kingdom","--","--","GB","Oct 7, 2011 11:48 AM"
"London","United Kingdom","--","--","GB","Oct 7, 2011 11:48 AM"
"London","United Kingdom","--","--","GB","Oct 7, 2011 11:48 AM"
"London","United Kingdom","--","--","GB","Oct 7, 2011 11:48 AM"
"London","United Kingdom","--","--","GB","Oct 7, 2011 11:48 AM"
"London","United Kingdom","--","--","GB","Oct 7, 2011 11:48 AM"
"London","United Kingdom","--","--","GB","Oct 7, 2011 11:48 AM"
"London","United Kingdom","--","--","GB","Oct 7, 2011 11:48 AM"
"London","United Kingdom","--","--","GB","Oct 7, 2011 11:48 AM"
"London","United Kingdom","--","--","GB","Oct 7, 2011 11:48 AM"
"London","United Kingdom","--","--","GB","Oct 7, 2011 11:48 AM"
"London","United Kingdom","--","--","GB","Oct 7, 2011 11:48 AM"
"London","United Kingdom","--","--","GB","Oct 7, 2011 11:48 AM"
"London","United Kingdom","--","--","GB","Oct 7, 2011 11:48 AM"
"London","United Kingdom","--","--","GB","Oct 7, 2011 11:48 AM"
"London","United Kingdom","--","--","GB","Oct 7, 2011 11:48 AM"
"London","United Kingdom","--","--","GB","Oct 7, 2011 11:48 AM"
"London","United Kingdom","--","--","GB","Oct 7, 2011 11:48 AM"
"London","United Kingdom","--","--","GB","Oct 7, 2011 11:48 AM"
"London","United Kingdom","--","--","GB","Oct 7, 2011 11:48 AM"
"London","United Kingdom","--","--","GB","Oct 7, 2011 11:48 AM"
"London","United Kingdom","--","--","GB","Oct 7, 2011 11:48 AM"
"London","United Kingdom","--","--","GB","Oct 7, 2011 11:48 AM"
"London","United Kingdom","--","--","GB","Oct 7, 2011 11:48 AM"
"London","United Kingdom","--","--","GB","Oct 7, 2011 11:48 AM"
"London","United Kingdom","--","--","GB","Oct 7, 2011 11:48 AM"
"London","United Kingdom","--","--","GB","Oct 7, 2011 11:48 AM"
"London","United Kingdom","--","--","GB","Oct 7, 2011 11:48 AM"
"London","United Kingdom","--","--","GB","Oct 7, 2011 11:48 AM"
"London","United Kingdom","--","--","GB","Oct 7, 2011 11:48 AM"
"London","United Kingdom","--","--","GB","Oct 7, 2011 11:48 AM"
"London","United Kingdom","--","--","GB","Oct 7, 2011 11:48 AM"
"Manchester","United Kingdom","--","--","GB","Oct 7, 2011 11:48 AM"
"Newbury","United Kingdom","--","--","GB","Oct 7, 2011 11:48 AM"
"Newcastle","United Kingdom","--","--","GB","Oct 7, 2011 11:48 AM"
"Newcastle","United Kingdom","--","--","GB","Oct 7, 2011 11:48 AM"
"Norwich","United Kingdom","--","--","GB","Oct 7, 2011 11:48 AM"
"Norwich","United Kingdom","--","--","GB","Oct 7, 2011 11:48 AM"
"Oxford","United Kingdom","--","--","GB","Oct 7, 2011 11:48 AM"
"Plymouth","United Kingdom","--","--","GB","Oct 7, 2011 11:48 AM"
"Plymouth","United Kingdom","--","--","GB","Oct 7, 2011 11:48 AM"
"Sheffield","United Kingdom","--","--","GB","Oct 7, 2011 11:48 AM"
"Sheffield","United Kingdom","--","--","GB","Oct 7, 2011 11:48 AM"
"Watford","United Kingdom","--","--","GB","Oct 7, 2011 11:48 AM"
"Watford","United Kingdom","--","--","GB","Oct 7, 2011 11:48 AM"
"Aberystwyth","United Kingdom","--","--","GB","Sep 6, 2011 9:38 AM"
"Aberystwyth","United Kingdom","--","--","GB","Sep 6, 2011 9:38 AM"
"Bath","United Kingdom","--","--","GB","Sep 6, 2011 9:38 AM"
"Bath","United Kingdom","--","--","GB","Sep 6, 2011 9:38 AM"
"Brighton","United Kingdom","--","--","GB","Sep 6, 2011 9:38 AM"
"Bury St Edmuds","United Kingdom","--","--","GB","Sep 6, 2011 9:38 AM"
"Cambridge","United Kingdom","--","--","GB","Sep 6, 2011 9:38 AM"
"Cambridge","United Kingdom","--","--","GB","Sep 6, 2011 9:38 AM"
"Cambridge","United Kingdom","--","--","GB","Sep 6, 2011 9:38 AM"
"Cambridge","United Kingdom","--","--","GB","Sep 6, 2011 9:38 AM"
"Cambridge","United Kingdom","--","--","GB","Sep 6, 2011 9:38 AM"
"Cambridge","United Kingdom","--","--","GB","Sep 6, 2011 9:38 AM"
"Cambridge","United Kingdom","--","--","GB","Sep 6, 2011 9:38 AM"
"Cambridge","United Kingdom","--","--","GB","Sep 6, 2011 9:38 AM"
"Cambridge","United Kingdom","--","--","GB","Sep 6, 2011 9:38 AM"
"Cambridge","United Kingdom","--","--","GB","Sep 6, 2011 9:38 AM"
"Cambridge","United Kingdom","--","--","GB","Sep 6, 2011 9:38 AM"
"Cambridge","United Kingdom","--","--","GB","Sep 6, 2011 9:38 AM"
"Cambridge","United Kingdom","--","--","GB","Sep 6, 2011 9:38 AM"
"Cardiff","United Kingdom","--","--","GB","Sep 6, 2011 9:38 AM"
"Cardiff","United Kingdom","--","--","GB","Sep 6, 2011 9:38 AM"
"Cardiff","United Kingdom","--","--","GB","Sep 6, 2011 9:38 AM"
"Colchester","United Kingdom","--","--","GB","Sep 6, 2011 9:38 AM"
"Colchester","United Kingdom","--","--","GB","Sep 6, 2011 9:38 AM"
"Edinburgh","United Kingdom","--","--","GB","Sep 6, 2011 9:38 AM"
"Glasgow","United Kingdom","--","--","GB","Sep 6, 2011 9:38 AM"
"Huddersfield","United Kingdom","--","--","GB","Sep 6, 2011 9:38 AM"
"Keswick","United Kingdom","--","--","GB","Sep 6, 2011 9:38 AM"
"London","United Kingdom","--","--","GB","Sep 6, 2011 9:38 AM"
"London","United Kingdom","--","--","GB","Sep 6, 2011 9:38 AM"
"London","United Kingdom","--","--","GB","Sep 6, 2011 9:38 AM"
"London","United Kingdom","--","--","GB","Sep 6, 2011 9:38 AM"
"London","United Kingdom","--","--","GB","Sep 6, 2011 9:38 AM"
"London","United Kingdom","--","--","GB","Sep 6, 2011 9:38 AM"
"London","United Kingdom","--","--","GB","Sep 6, 2011 9:38 AM"
"London","United Kingdom","--","--","GB","Sep 6, 2011 9:38 AM"
"London","United Kingdom","--","--","GB","Sep 6, 2011 9:38 AM"
"London","United Kingdom","--","--","GB","Sep 6, 2011 9:38 AM"
"London","United Kingdom","--","--","GB","Sep 6, 2011 9:38 AM"
"London","United Kingdom","--","--","GB","Sep 6, 2011 9:38 AM"
"London","United Kingdom","--","--","GB","Sep 6, 2011 9:38 AM"
"London","United Kingdom","--","--","GB","Sep 6, 2011 9:38 AM"
"London","United Kingdom","--","--","GB","Sep 6, 2011 9:38 AM"
"London","United Kingdom","--","--","GB","Sep 6, 2011 9:38 AM"
"London","United Kingdom","--","--","GB","Sep 6, 2011 9:38 AM"
"London","United Kingdom","--","--","GB","Sep 6, 2011 9:38 AM"
"London","United Kingdom","--","--","GB","Sep 6, 2011 9:38 AM"
"London","United Kingdom","--","--","GB","Sep 6, 2011 9:38 AM"
"London","United Kingdom","--","--","GB","Sep 6, 2011 9:38 AM"
"London","United Kingdom","--","--","GB","Sep 6, 2011 9:38 AM"
"London","United Kingdom","--","--","GB","Sep 6, 2011 9:38 AM"
"London","United Kingdom","--","--","GB","Sep 6, 2011 9:38 AM"
"London","United Kingdom","--","--","GB","Sep 6, 2011 9:38 AM"
"London","United Kingdom","--","--","GB","Sep 6, 2011 9:38 AM"
"London","United Kingdom","--","--","GB","Sep 6, 2011 9:38 AM"
"London","United Kingdom","--","--","GB","Sep 6, 2011 9:38 AM"
"London","United Kingdom","--","--","GB","Sep 6, 2011 9:38 AM"
"London","United Kingdom","--","--","GB","Sep 6, 2011 9:38 AM"
"London","United Kingdom","--","--","GB","Sep 6, 2011 9:38 AM"
"London","United Kingdom","--","--","GB","Sep 6, 2011 9:38 AM"
"Manchester","United Kingdom","--","--","GB","Sep 6, 2011 9:38 AM"
"Newcastle","United Kingdom","--","--","GB","Sep 6, 2011 9:38 AM"
"Northampton","United Kingdom","--","--","GB","Sep 6, 2011 9:38 AM"
"Norwich","United Kingdom","--","--","GB","Sep 6, 2011 9:38 AM"
"Norwich","United Kingdom","--","--","GB","Sep 6, 2011 9:38 AM"
"Norwich","United Kingdom","--","--","GB","Sep 6, 2011 9:38 AM"
"Nottingham","United Kingdom","--","--","GB","Sep 6, 2011 9:38 AM"
"Nottingham","United Kingdom","--","--","GB","Sep 6, 2011 9:38 AM"
"Nottingham","United Kingdom","--","--","GB","Sep 6, 2011 9:38 AM"
"Salford","United Kingdom","--","--","GB","Sep 6, 2011 9:38 AM"
"Salford","United Kingdom","--","--","GB","Sep 6, 2011 9:38 AM"
"Salford","United Kingdom","--","--","GB","Sep 6, 2011 9:38 AM"
"Southampton","United Kingdom","--","--","GB","Sep 6, 2011 9:38 AM"
"St Albans","United Kingdom","--","--","GB","Sep 6, 2011 9:38 AM"
"Swansea","United Kingdom","--","--","GB","Sep 6, 2011 9:38 AM"
"Taunton","United Kingdom","--","--","GB","Sep 6, 2011 9:38 AM"
,"Australia","IE 8.0","Windows7","AU","Aug 23, 2011 5:35 AM"
,"Australia","Chrome 15.0","WinXP","AU","Dec 1, 2011 3:20 AM"
,"Australia","Safari 5.1.1","MacOs","AU","Dec 1, 2011 9:41 AM"
,"Australia","Safari 5.1.2","MacOs","AU","Dec 10, 2011 1:07 AM"
,"Australia","Safari 4.1.3","MacOs","AU","Dec 11, 2011 10:04 AM"
,"Australia","IE 9.0","WinVista","AU","Dec 11, 2011 10:07 AM"
,"Australia","Chrome 15.0","Windows7","AU","Dec 11, 2011 4:42 AM"
,"Australia","FireFox 4.0","MacOs","AU","Dec 12, 2011 9:07 AM"
,"Australia","IE 9.0","WinVista","AU","Dec 13, 2011 9:01 AM"
,"Australia","IE 9.0","Windows7","AU","Dec 14, 2011 7:00 AM"
,"Australia","Safari 5.0.2","MacOs","AU","Dec 17, 2011 8:22 AM"
,"Australia","Safari 5.0.6","MacOs","AU","Dec 18, 2011 5:34 AM"
,"Australia","Safari 5.0.6","MacOs","AU","Dec 18, 2011 5:35 AM"
,"Australia","Safari 5.1.2","MacOs","AU","Dec 19, 2011 1:11 AM"
,"Australia","IE 8.0","WinXP","AU","Dec 2, 2011 1:09 PM"
,"Australia","IE 7.0","WinXP","AU","Dec 24, 2011 3:36 AM"
,"Australia","Safari 5.1.1","MacOs","AU","Dec 5, 2011 1:41 PM"
,"Australia","IE 9.0","Windows7","AU","Dec 5, 2011 4:24 AM"
,"Australia","IE 8.0","WinXP","AU","Dec 7, 2011 9:40 PM"
,"Australia","FireFox 4.0","WinXP","AU","Dec 8, 2011 4:02 AM"
,"Australia","Chrome 17.0","MacOs","AU","Feb 28, 2012 9:16 PM"
,"Australia","Safari 5.1.1","MacOs","AU","Jan 2, 2012 2:53 AM"
,"Australia","Safari 5.0.2","MacOs","AU","Jan 23, 2012 12:11 PM"
,"Australia","IE 8.0","Windows7","AU","Jul 30, 2011 3:41 AM"
,"Australia","FireFox 4.0","Windows7","AU","Jun 1, 2011 5:46 PM"
,"Australia","FireFox 3.6","Windows7","AU","Jun 14, 2011 8:15 AM"
,"Australia","IE 8.0","WinXP","AU","Jun 27, 2011 4:56 AM"
,"Australia","Chrome 10.0","WinXP","AU","Mar 15, 2011 11:24 PM"
,"Australia","Safari 5.0.2","MacOs","AU","May 10, 2011 3:34 AM"
,"Australia","IE 8.0","WinXP","AU","Nov 14, 2011 11:39 AM"
,"Australia","Chrome 15.0","WinXP","AU","Nov 17, 2011 4:29 AM"
,"Australia","Safari 5.1.1","MacOs","AU","Nov 29, 2011 1:26 PM"
,"Australia","Safari 5.0.2","MacOs","AU","Nov 4, 2011 3:31 AM"
,"Australia","FireFox 3.6","MacOs","AU","Sep 2, 2011 8:21 AM"
,"Canada","IE 6.0","WinXP","CA","Feb 25, 2011 7:17 PM"
,"Canada","FireFox 3.5","MacOs","CA","Jun 6, 2011 1:04 AM"
,"Canada","IE 8.0","WinXP","CA","Mar 13, 2011 6:25 PM"
,"Canada","Safari 5.0.3","MacOs","CA","Mar 3, 2011 4:31 PM"
,"Canada","Chrome 9.0","WinVista","CA","Mar 6, 2011 4:55 PM"
,"Switzerland","Safari 4.0","Linux","CH","Dec 22, 2011 12:42 PM"
,"Colombia","FireFox 3.6","MacOs","CO","Feb 26, 2011 5:30 AM"
,"Germany","Safari 5.1","MacOs","DE","Jan 22, 2012 1:59 PM"
,"Germany","FireFox 5.0","MacOs","DE","Jul 26, 2011 8:31 AM"
,"Spain","Chrome 12.0","Windows7","ES","Jul 15, 2011 9:49 PM"
,"Spain","IE 9.0","Windows7","ES","May 28, 2011 10:39 AM"
,"Spain","FireFox 7.0","WinXP","ES","Oct 12, 2011 1:57 AM"
,"Europe","IE 8.0","Windows7","EU","Apr 28, 2011 12:20 PM"
"Paris","France","IE 8.0","Windows7","FR","Mar 22, 2011 8:47 PM"
,"France","FireFox 10.0","WinXP","FR","Mar 12, 2012 2:11 PM"
,"France","FireFox 6.0","MacOs","FR","Sep 9, 2011 2:26 PM"
,"United Kingdom","IE 9.0","Windows7","GB","Apr 10, 2012 10:00 PM"
,"United Kingdom","FireFox 3.6","Windows7","GB","Apr 15, 2011 6:21 PM"
,"United Kingdom","IE 8.0","WinXP","GB","Apr 17, 2011 11:59 AM"
,"United Kingdom","IE 8.0","Windows7","GB","Apr 2, 2011 12:00 AM"
,"United Kingdom","Safari 5.1.5","MacOs","GB","Apr 20, 2012 11:23 PM"
,"United Kingdom","FireFox 3.6","MacOs","GB","Apr 21, 2012 11:07 AM"
,"United Kingdom","Chrome 10.0","Windows7","GB","Apr 24, 2011 11:57 AM"
,"United Kingdom","Safari 5.0.2","MacOs","GB","Apr 29, 2011 1:20 PM"
,"United Kingdom","Safari 4.0.2","MacOs","GB","Apr 3, 2011 11:26 PM"
,"United Kingdom","FireFox 3.6","WinXP","GB","Apr 5, 2011 2:26 PM"
,"United Kingdom","Chrome 18.0","WinVista","GB","Apr 5, 2012 4:10 PM"
,"United Kingdom","IE 8.0","WinXP","GB","Apr 6, 2011 11:21 AM"
,"United Kingdom","Chrome 13.0","MacOs","GB","Aug 20, 2011 12:45 AM"
,"United Kingdom","FireFox 3.0","WinVista","GB","Aug 21, 2011 10:16 PM"
,"United Kingdom","Chrome 13.0","Windows7","GB","Aug 22, 2011 6:19 PM"
,"United Kingdom","FireFox 3.6","WinVista","GB","Aug 22, 2011 8:55 PM"
"London","United Kingdom","Chrome 13.0","MacOs","GB","Aug 23, 2011 1:31 AM"
,"United Kingdom","FireFox 3.6","WinXP","GB","Aug 27, 2011 12:30 PM"
"Cambridge","United Kingdom","--","--","GB","Dec 12, 2011 4:22 AM"
,"United Kingdom","Chrome 15.0","Windows7","GB","Dec 12, 2011 6:51 PM"
,"United Kingdom","IE 8.0","Windows7","GB","Dec 19, 2011 10:05 AM"
,"United Kingdom","Chrome 16.0","MacOs","GB","Dec 19, 2011 10:35 PM"
,"United Kingdom","Netscape 5.0","MacOs","GB","Dec 3, 2011 1:00 PM"
,"United Kingdom","FireFox 8.0","WinXP","GB","Dec 3, 2011 8:38 AM"
,"United Kingdom","Chrome 15.0","Windows7","GB","Dec 5, 2011 3:52 PM"
,"United Kingdom","FireFox 3.6","MacOs","GB","Dec 7, 2011 9:53 PM"
"1 Hale Fen Lane","United Kingdom","--","--","GB","Feb 28, 2011 2:25 PM"
"Alnwick","United Kingdom","--","--","GB","Feb 28, 2011 2:25 PM"
"Banstead","United Kingdom","--","--","GB","Feb 28, 2011 2:25 PM"
"Barnsley","United Kingdom","--","--","GB","Feb 28, 2011 2:25 PM"
"Basildon","United Kingdom","--","--","GB","Feb 28, 2011 2:25 PM"
"Birmingham","United Kingdom","--","--","GB","Feb 28, 2011 2:25 PM"
"Birmingham","United Kingdom","--","--","GB","Feb 28, 2011 2:25 PM"
"Bolton","United Kingdom","--","--","GB","Feb 28, 2011 2:25 PM"
"Braynston","United Kingdom","--","--","GB","Feb 28, 2011 2:25 PM"
"Bristol","United Kingdom","--","--","GB","Feb 28, 2011 2:25 PM"
"Bromley","United Kingdom","--","--","GB","Feb 28, 2011 2:25 PM"
"Cambridge","United Kingdom","--","--","GB","Feb 28, 2011 2:25 PM"
"Cambridge","United Kingdom","--","--","GB","Feb 28, 2011 2:25 PM"
"Cambridge","United Kingdom","--","--","GB","Feb 28, 2011 2:25 PM"
"Cambridge","United Kingdom","--","--","GB","Feb 28, 2011 2:25 PM"
"Cambridge","United Kingdom","--","--","GB","Feb 28, 2011 2:25 PM"
"cambridge","United Kingdom","--","--","GB","Feb 28, 2011 2:25 PM"
"Cambridge","United Kingdom","--","--","GB","Feb 28, 2011 2:25 PM"
"Cambridge","United Kingdom","--","--","GB","Feb 28, 2011 2:25 PM"
"Cambridge","United Kingdom","--","--","GB","Feb 28, 2011 2:25 PM"
"Cambridge","United Kingdom","--","--","GB","Feb 28, 2011 2:25 PM"
"Cambridge","United Kingdom","--","--","GB","Feb 28, 2011 2:25 PM"
"Cambridge","United Kingdom","--","--","GB","Feb 28, 2011 2:25 PM"
"Cambridge","United Kingdom","--","--","GB","Feb 28, 2011 2:25 PM"
"Cambridge","United Kingdom","--","--","GB","Feb 28, 2011 2:25 PM"
"Cambridge","United Kingdom","--","--","GB","Feb 28, 2011 2:25 PM"
"Cambridge","United Kingdom","--","--","GB","Feb 28, 2011 2:25 PM"
"Cambridge","United Kingdom","--","--","GB","Feb 28, 2011 2:25 PM"
"Cambridge","United Kingdom","--","--","GB","Feb 28, 2011 2:25 PM"
"Cambridge","United Kingdom","--","--","GB","Feb 28, 2011 2:25 PM"
"Cambridge","United Kingdom","--","--","GB","Feb 28, 2011 2:25 PM"
"Cambridge","United Kingdom","--","--","GB","Feb 28, 2011 2:25 PM"
"Cambridge","United Kingdom","--","--","GB","Feb 28, 2011 2:25 PM"
"Cambridge","United Kingdom","--","--","GB","Feb 28, 2011 2:25 PM"
"Cambridge","United Kingdom","--","--","GB","Feb 28, 2011 2:25 PM"
"Cambridge","United Kingdom","--","--","GB","Feb 28, 2011 2:25 PM"
"Cambridge","United Kingdom","--","--","GB","Feb 28, 2011 2:25 PM"
"Cardiff","United Kingdom","--","--","GB","Feb 28, 2011 2:25 PM"
"Cheltenham","United Kingdom","--","--","GB","Feb 28, 2011 2:25 PM"
"Eastbourne","United Kingdom","--","--","GB","Feb 28, 2011 2:25 PM"
"Edinburgh","United Kingdom","--","--","GB","Feb 28, 2011 2:25 PM"
"Edinburgh","United Kingdom","--","--","GB","Feb 28, 2011 2:25 PM"
"Edinburgh","United Kingdom","--","--","GB","Feb 28, 2011 2:25 PM"
"Edinburgh","United Kingdom","--","--","GB","Feb 28, 2011 2:25 PM"
"Ely","United Kingdom","--","--","GB","Feb 28, 2011 2:25 PM"
"Essex","United Kingdom","--","--","GB","Feb 28, 2011 2:25 PM"
"Exeter","United Kingdom","--","--","GB","Feb 28, 2011 2:25 PM"
"Forfar","United Kingdom","--","--","GB","Feb 28, 2011 2:25 PM"
"Halifax","United Kingdom","--","--","GB","Feb 28, 2011 2:25 PM"
"Harleston","United Kingdom","--","--","GB","Feb 28, 2011 2:25 PM"
"Howden","United Kingdom","--","--","GB","Feb 28, 2011 2:25 PM"
"Ipswich","United Kingdom","--","--","GB","Feb 28, 2011 2:25 PM"
"Ipswich","United Kingdom","--","--","GB","Feb 28, 2011 2:25 PM"
"Keighley","United Kingdom","--","--","GB","Feb 28, 2011 2:25 PM"
"Lancaster","United Kingdom","--","--","GB","Feb 28, 2011 2:25 PM"
"LEEDS","United Kingdom","--","--","GB","Feb 28, 2011 2:25 PM"
"Leeds","United Kingdom","--","--","GB","Feb 28, 2011 2:25 PM"
"Leeds","United Kingdom","--","--","GB","Feb 28, 2011 2:25 PM"
"Linton","United Kingdom","--","--","GB","Feb 28, 2011 2:25 PM"
"Liskeard","United Kingdom","--","--","GB","Feb 28, 2011 2:25 PM"
"Liverpool","United Kingdom","--","--","GB","Feb 28, 2011 2:25 PM"
"London","United Kingdom","--","--","GB","Feb 28, 2011 2:25 PM"
"London","United Kingdom","--","--","GB","Feb 28, 2011 2:25 PM"
"London","United Kingdom","--","--","GB","Feb 28, 2011 2:25 PM"
"London","United Kingdom","--","--","GB","Feb 28, 2011 2:25 PM"
"London","United Kingdom","--","--","GB","Feb 28, 2011 2:25 PM"
"London","United Kingdom","--","--","GB","Feb 28, 2011 2:25 PM"
"London","United Kingdom","--","--","GB","Feb 28, 2011 2:25 PM"
"London","United Kingdom","--","--","GB","Feb 28, 2011 2:25 PM"
"London","United Kingdom","--","--","GB","Feb 28, 2011 2:25 PM"
"London","United Kingdom","--","--","GB","Feb 28, 2011 2:25 PM"
"London","United Kingdom","--","--","GB","Feb 28, 2011 2:25 PM"
"london","United Kingdom","--","--","GB","Feb 28, 2011 2:25 PM"
"London","United Kingdom","--","--","GB","Feb 28, 2011 2:25 PM"
"London","United Kingdom","--","--","GB","Feb 28, 2011 2:25 PM"
"London","United Kingdom","--","--","GB","Feb 28, 2011 2:25 PM"
"London","United Kingdom","--","--","GB","Feb 28, 2011 2:25 PM"
"London","United Kingdom","--","--","GB","Feb 28, 2011 2:25 PM"
"London","United Kingdom","--","--","GB","Feb 28, 2011 2:25 PM"
"London","United Kingdom","--","--","GB","Feb 28, 2011 2:25 PM"
"London","United Kingdom","--","--","GB","Feb 28, 2011 2:25 PM"
"London","United Kingdom","--","--","GB","Feb 28, 2011 2:25 PM"
"London","United Kingdom","--","--","GB","Feb 28, 2011 2:25 PM"
"London","United Kingdom","--","--","GB","Feb 28, 2011 2:25 PM"
"London","United Kingdom","--","--","GB","Feb 28, 2011 2:25 PM"
"London","United Kingdom","--","--","GB","Feb 28, 2011 2:25 PM"
"London","United Kingdom","--","--","GB","Feb 28, 2011 2:25 PM"
"London","United Kingdom","--","--","GB","Feb 28, 2011 2:25 PM"
"London","United Kingdom","--","--","GB","Feb 28, 2011 2:25 PM"
"London","United Kingdom","--","--","GB","Feb 28, 2011 2:25 PM"
"LONDON","United Kingdom","--","--","GB","Feb 28, 2011 2:25 PM"
"London","United Kingdom","--","--","GB","Feb 28, 2011 2:25 PM"
"London","United Kingdom","--","--","GB","Feb 28, 2011 2:25 PM"
"London","United Kingdom","--","--","GB","Feb 28, 2011 2:25 PM"
"London","United Kingdom","--","--","GB","Feb 28, 2011 2:25 PM"
"London","United Kingdom","--","--","GB","Feb 28, 2011 2:25 PM"
"London","United Kingdom","--","--","GB","Feb 28, 2011 2:25 PM"
"Mortlake","United Kingdom","--","--","GB","Feb 28, 2011 2:25 PM"
"Newcastle","United Kingdom","--","--","GB","Feb 28, 2011 2:25 PM"
"Northampton","United Kingdom","--","--","GB","Feb 28, 2011 2:25 PM"
"Norwich","United Kingdom","--","--","GB","Feb 28, 2011 2:25 PM"
"Norwich","United Kingdom","--","--","GB","Feb 28, 2011 2:25 PM"
"Nottingham","United Kingdom","--","--","GB","Feb 28, 2011 2:25 PM"
"Nottingham","United Kingdom","--","--","GB","Feb 28, 2011 2:25 PM"
"Nr Bridgend","United Kingdom","--","--","GB","Feb 28, 2011 2:25 PM"
"Oakham","United Kingdom","--","--","GB","Feb 28, 2011 2:25 PM"
"orpington","United Kingdom","--","--","GB","Feb 28, 2011 2:25 PM"
"Oxford","United Kingdom","--","--","GB","Feb 28, 2011 2:25 PM"
"Oxford","United Kingdom","--","--","GB","Feb 28, 2011 2:25 PM"
"Peterborough","United Kingdom","--","--","GB","Feb 28, 2011 2:25 PM"
"Plymouth","United Kingdom","--","--","GB","Feb 28, 2011 2:25 PM"
"Portsmouth","United Kingdom","--","--","GB","Feb 28, 2011 2:25 PM"
"Preston","United Kingdom","--","--","GB","Feb 28, 2011 2:25 PM"
"Sawston","United Kingdom","--","--","GB","Feb 28, 2011 2:25 PM"
"Sidcup","United Kingdom","--","--","GB","Feb 28, 2011 2:25 PM"
"spalding","United Kingdom","--","--","GB","Feb 28, 2011 2:25 PM"
"Stafford","United Kingdom","--","--","GB","Feb 28, 2011 2:25 PM"
"Stansted","United Kingdom","--","--","GB","Feb 28, 2011 2:25 PM"
"Sutton","United Kingdom","--","--","GB","Feb 28, 2011 2:25 PM"
"Truro","United Kingdom","--","--","GB","Feb 28, 2011 2:25 PM"
"Walalsey","United Kingdom","--","--","GB","Feb 28, 2011 2:25 PM"
"Woking","United Kingdom","--","--","GB","Feb 28, 2011 2:25 PM"
"Worthing","United Kingdom","--","--","GB","Feb 28, 2011 2:25 PM"
,"United Kingdom","--","--","GB","Feb 28, 2011 2:25 PM"
,"United Kingdom","--","--","GB","Feb 28, 2011 2:25 PM"
,"United Kingdom","--","--","GB","Feb 28, 2011 2:25 PM"
,"United Kingdom","--","--","GB","Feb 28, 2011 2:25 PM"
,"United Kingdom","--","--","GB","Feb 28, 2011 2:25 PM"
,"United Kingdom","--","--","GB","Feb 28, 2011 2:25 PM"
,"United Kingdom","--","--","GB","Feb 28, 2011 2:25 PM"
,"United Kingdom","--","--","GB","Feb 28, 2011 2:25 PM"
,"United Kingdom","--","--","GB","Feb 28, 2011 2:25 PM"
,"United Kingdom","--","--","GB","Feb 28, 2011 2:25 PM"
,"United Kingdom","--","--","GB","Feb 28, 2011 2:25 PM"
,"United Kingdom","--","--","GB","Feb 28, 2011 2:25 PM"
,"United Kingdom","--","--","GB","Feb 28, 2011 2:25 PM"
,"United Kingdom","--","--","GB","Feb 28, 2011 2:25 PM"
,"United Kingdom","--","--","GB","Feb 28, 2011 2:25 PM"
,"United Kingdom","--","--","GB","Feb 28, 2011 2:25 PM"
,"United Kingdom","--","--","GB","Feb 28, 2011 2:25 PM"
,"United Kingdom","--","--","GB","Feb 28, 2011 2:25 PM"
,"United Kingdom","--","--","GB","Feb 28, 2011 2:25 PM"
,"United Kingdom","--","--","GB","Feb 28, 2011 2:25 PM"
,"United Kingdom","--","--","GB","Feb 28, 2011 2:25 PM"
,"United Kingdom","--","--","GB","Feb 28, 2011 2:25 PM"
,"United Kingdom","--","--","GB","Feb 28, 2011 2:25 PM"
,"United Kingdom","--","--","GB","Feb 28, 2011 2:25 PM"
,"United Kingdom","--","--","GB","Feb 28, 2011 2:25 PM"
,"United Kingdom","--","--","GB","Feb 28, 2011 2:25 PM"
,"United Kingdom","--","--","GB","Feb 28, 2011 2:25 PM"
,"United Kingdom","--","--","GB","Feb 28, 2011 2:25 PM"
,"United Kingdom","--","--","GB","Feb 28, 2011 2:25 PM"
,"United Kingdom","--","--","GB","Feb 28, 2011 2:25 PM"
,"United Kingdom","--","--","GB","Feb 28, 2011 2:25 PM"
,"United Kingdom","--","--","GB","Feb 28, 2011 2:25 PM"
,"United Kingdom","--","--","GB","Feb 28, 2011 2:25 PM"
,"United Kingdom","--","--","GB","Feb 28, 2011 2:25 PM"
,"United Kingdom","--","--","GB","Feb 28, 2011 2:25 PM"
,"United Kingdom","--","--","GB","Feb 28, 2011 2:25 PM"
,"United Kingdom","--","--","GB","Feb 28, 2011 2:25 PM"
,"United Kingdom","--","--","GB","Feb 28, 2011 2:25 PM"
,"United Kingdom","--","--","GB","Feb 28, 2011 2:25 PM"
,"United Kingdom","--","--","GB","Feb 28, 2011 2:25 PM"
,"United Kingdom","--","--","GB","Feb 28, 2011 2:25 PM"
,"United Kingdom","--","--","GB","Feb 28, 2011 2:25 PM"
,"United Kingdom","--","--","GB","Feb 28, 2011 2:25 PM"
,"United Kingdom","--","--","GB","Feb 28, 2011 2:25 PM"
,"United Kingdom","--","--","GB","Feb 28, 2011 2:25 PM"
,"United Kingdom","--","--","GB","Feb 28, 2011 2:25 PM"
,"United Kingdom","--","--","GB","Feb 28, 2011 2:25 PM"
,"United Kingdom","--","--","GB","Feb 28, 2011 2:25 PM"
,"United Kingdom","--","--","GB","Feb 28, 2011 2:25 PM"
,"United Kingdom","--","--","GB","Feb 28, 2011 2:25 PM"
,"United Kingdom","--","--","GB","Feb 28, 2011 2:25 PM"
,"United Kingdom","--","--","GB","Feb 28, 2011 2:25 PM"
,"United Kingdom","--","--","GB","Feb 28, 2011 2:25 PM"
,"United Kingdom","--","--","GB","Feb 28, 2011 2:25 PM"
,"United Kingdom","--","--","GB","Feb 28, 2011 2:25 PM"
,"United Kingdom","--","--","GB","Feb 28, 2011 2:25 PM"
,"United Kingdom","--","--","GB","Feb 28, 2011 2:25 PM"
,"United Kingdom","--","--","GB","Feb 28, 2011 2:25 PM"
,"United Kingdom","--","--","GB","Feb 28, 2011 2:25 PM"
,"United Kingdom","--","--","GB","Feb 28, 2011 2:25 PM"
,"United Kingdom","--","--","GB","Feb 28, 2011 2:25 PM"
,"United Kingdom","--","--","GB","Feb 28, 2011 2:25 PM"
,"United Kingdom","--","--","GB","Feb 28, 2011 2:25 PM"
,"United Kingdom","--","--","GB","Feb 28, 2011 2:25 PM"
"Bexhill","United Kingdom","--","--","GB","Feb 28, 2011 2:26 PM"
"Birmingham","United Kingdom","--","--","GB","Feb 28, 2011 2:26 PM"
"Bodmin","United Kingdom","--","--","GB","Feb 28, 2011 2:26 PM"
"Bradford","United Kingdom","--","--","GB","Feb 28, 2011 2:26 PM"
"Brighton","United Kingdom","--","--","GB","Feb 28, 2011 2:26 PM"
"Bristol","United Kingdom","--","--","GB","Feb 28, 2011 2:26 PM"
"Bury ST Edmunds","United Kingdom","--","--","GB","Feb 28, 2011 2:26 PM"
"Camborne","United Kingdom","--","--","GB","Feb 28, 2011 2:26 PM"
"Cambridge","United Kingdom","--","--","GB","Feb 28, 2011 2:26 PM"
"Cambridge","United Kingdom","--","--","GB","Feb 28, 2011 2:26 PM"
"Cambridge","United Kingdom","--","--","GB","Feb 28, 2011 2:26 PM"
"cambridge","United Kingdom","--","--","GB","Feb 28, 2011 2:26 PM"
"Cambridge","United Kingdom","--","--","GB","Feb 28, 2011 2:26 PM"
"Cambridge","United Kingdom","--","--","GB","Feb 28, 2011 2:26 PM"
"Cambridge","United Kingdom","--","--","GB","Feb 28, 2011 2:26 PM"
"Cambridge","United Kingdom","--","--","GB","Feb 28, 2011 2:26 PM"
"Cambridge","United Kingdom","--","--","GB","Feb 28, 2011 2:26 PM"
"Cambridge","United Kingdom","--","--","GB","Feb 28, 2011 2:26 PM"
"Cambridge","United Kingdom","--","--","GB","Feb 28, 2011 2:26 PM"
"Cambridge","United Kingdom","--","--","GB","Feb 28, 2011 2:26 PM"
"Cambridge","United Kingdom","--","--","GB","Feb 28, 2011 2:26 PM"
"Cambridge","United Kingdom","--","--","GB","Feb 28, 2011 2:26 PM"
"Cambridge","United Kingdom","--","--","GB","Feb 28, 2011 2:26 PM"
"Cambridge","United Kingdom","--","--","GB","Feb 28, 2011 2:26 PM"
"Cambridge","United Kingdom","--","--","GB","Feb 28, 2011 2:26 PM"
"Cambridge","United Kingdom","--","--","GB","Feb 28, 2011 2:26 PM"
"Cambridge","United Kingdom","--","--","GB","Feb 28, 2011 2:26 PM"
"cambridge","United Kingdom","--","--","GB","Feb 28, 2011 2:26 PM"
"Cambridge","United Kingdom","--","--","GB","Feb 28, 2011 2:26 PM"
"Cardiff","United Kingdom","--","--","GB","Feb 28, 2011 2:26 PM"
"chesterfield","United Kingdom","--","--","GB","Feb 28, 2011 2:26 PM"
"Chichester","United Kingdom","--","--","GB","Feb 28, 2011 2:26 PM"
"Colchester","United Kingdom","--","--","GB","Feb 28, 2011 2:26 PM"
"Derby","United Kingdom","--","--","GB","Feb 28, 2011 2:26 PM"
"Edinburgh","United Kingdom","--","--","GB","Feb 28, 2011 2:26 PM"
"edinburgh","United Kingdom","--","--","GB","Feb 28, 2011 2:26 PM"
"Edinburgh","United Kingdom","--","--","GB","Feb 28, 2011 2:26 PM"
"Exeter","United Kingdom","--","--","GB","Feb 28, 2011 2:26 PM"
"Exeter","United Kingdom","--","--","GB","Feb 28, 2011 2:26 PM"
"Exeter","United Kingdom","--","--","GB","Feb 28, 2011 2:26 PM"
"Exmouth","United Kingdom","--","--","GB","Feb 28, 2011 2:26 PM"
"Gloucester","United Kingdom","--","--","GB","Feb 28, 2011 2:26 PM"
"Great Cambourne","United Kingdom","--","--","GB","Feb 28, 2011 2:26 PM"
"Great Dunmow","United Kingdom","--","--","GB","Feb 28, 2011 2:26 PM"
"Hale","United Kingdom","--","--","GB","Feb 28, 2011 2:26 PM"
"Harlow","United Kingdom","--","--","GB","Feb 28, 2011 2:26 PM"
"Haslingfield","United Kingdom","--","--","GB","Feb 28, 2011 2:26 PM"
"Huddersfield","United Kingdom","--","--","GB","Feb 28, 2011 2:26 PM"
"Huntingdon","United Kingdom","--","--","GB","Feb 28, 2011 2:26 PM"
"Huntingdon","United Kingdom","--","--","GB","Feb 28, 2011 2:26 PM"
"Inverness","United Kingdom","--","--","GB","Feb 28, 2011 2:26 PM"
"Ipswich","United Kingdom","--","--","GB","Feb 28, 2011 2:26 PM"
"Ipswich","United Kingdom","--","--","GB","Feb 28, 2011 2:26 PM"
"Ipswich","United Kingdom","--","--","GB","Feb 28, 2011 2:26 PM"
"Kent","United Kingdom","--","--","GB","Feb 28, 2011 2:26 PM"
"Leeds","United Kingdom","--","--","GB","Feb 28, 2011 2:26 PM"
"Leeds","United Kingdom","--","--","GB","Feb 28, 2011 2:26 PM"
"Leicester","United Kingdom","--","--","GB","Feb 28, 2011 2:26 PM"
"Leicester","United Kingdom","--","--","GB","Feb 28, 2011 2:26 PM"
"Leicester","United Kingdom","--","--","GB","Feb 28, 2011 2:26 PM"
"Liskeard","United Kingdom","--","--","GB","Feb 28, 2011 2:26 PM"
"Liskeard","United Kingdom","--","--","GB","Feb 28, 2011 2:26 PM"
"Liskeard","United Kingdom","--","--","GB","Feb 28, 2011 2:26 PM"
"Liverpool","United Kingdom","--","--","GB","Feb 28, 2011 2:26 PM"
"London","United Kingdom","--","--","GB","Feb 28, 2011 2:26 PM"
"London","United Kingdom","--","--","GB","Feb 28, 2011 2:26 PM"
"London","United Kingdom","--","--","GB","Feb 28, 2011 2:26 PM"
"London","United Kingdom","--","--","GB","Feb 28, 2011 2:26 PM"
"London","United Kingdom","--","--","GB","Feb 28, 2011 2:26 PM"
"London","United Kingdom","--","--","GB","Feb 28, 2011 2:26 PM"
"London","United Kingdom","--","--","GB","Feb 28, 2011 2:26 PM"
"London","United Kingdom","--","--","GB","Feb 28, 2011 2:26 PM"
"london","United Kingdom","--","--","GB","Feb 28, 2011 2:26 PM"
"London","United Kingdom","--","--","GB","Feb 28, 2011 2:26 PM"
"London","United Kingdom","--","--","GB","Feb 28, 2011 2:26 PM"
"London","United Kingdom","--","--","GB","Feb 28, 2011 2:26 PM"
"London","United Kingdom","--","--","GB","Feb 28, 2011 2:26 PM"
"London","United Kingdom","--","--","GB","Feb 28, 2011 2:26 PM"
"London","United Kingdom","--","--","GB","Feb 28, 2011 2:26 PM"
"London","United Kingdom","--","--","GB","Feb 28, 2011 2:26 PM"
"London","United Kingdom","--","--","GB","Feb 28, 2011 2:26 PM"
"London","United Kingdom","--","--","GB","Feb 28, 2011 2:26 PM"
"London","United Kingdom","--","--","GB","Feb 28, 2011 2:26 PM"
"London","United Kingdom","--","--","GB","Feb 28, 2011 2:26 PM"
"London","United Kingdom","--","--","GB","Feb 28, 2011 2:26 PM"
"London","United Kingdom","--","--","GB","Feb 28, 2011 2:26 PM"
"London","United Kingdom","--","--","GB","Feb 28, 2011 2:26 PM"
"London","United Kingdom","--","--","GB","Feb 28, 2011 2:26 PM"
"london","United Kingdom","--","--","GB","Feb 28, 2011 2:26 PM"
"London","United Kingdom","--","--","GB","Feb 28, 2011 2:26 PM"
"London","United Kingdom","--","--","GB","Feb 28, 2011 2:26 PM"
"London","United Kingdom","--","--","GB","Feb 28, 2011 2:26 PM"
"London","United Kingdom","--","--","GB","Feb 28, 2011 2:26 PM"
"London","United Kingdom","--","--","GB","Feb 28, 2011 2:26 PM"
"London","United Kingdom","--","--","GB","Feb 28, 2011 2:26 PM"
"London","United Kingdom","--","--","GB","Feb 28, 2011 2:26 PM"
"London","United Kingdom","--","--","GB","Feb 28, 2011 2:26 PM"
"London","United Kingdom","--","--","GB","Feb 28, 2011 2:26 PM"
"London","United Kingdom","--","--","GB","Feb 28, 2011 2:26 PM"
"London","United Kingdom","--","--","GB","Feb 28, 2011 2:26 PM"
"London","United Kingdom","--","--","GB","Feb 28, 2011 2:26 PM"
"London","United Kingdom","--","--","GB","Feb 28, 2011 2:26 PM"
"Maidenhead","United Kingdom","--","--","GB","Feb 28, 2011 2:26 PM"
"Manchester","United Kingdom","--","--","GB","Feb 28, 2011 2:26 PM"
"MILTON KEYNES","United Kingdom","--","--","GB","Feb 28, 2011 2:26 PM"
"newbury","United Kingdom","--","--","GB","Feb 28, 2011 2:26 PM"
"Newmarket","United Kingdom","--","--","GB","Feb 28, 2011 2:26 PM"
"Norwich","United Kingdom","--","--","GB","Feb 28, 2011 2:26 PM"
"Norwich","United Kingdom","--","--","GB","Feb 28, 2011 2:26 PM"
"Oundle","United Kingdom","--","--","GB","Feb 28, 2011 2:26 PM"
"Oxford","United Kingdom","--","--","GB","Feb 28, 2011 2:26 PM"
"Oxford","United Kingdom","--","--","GB","Feb 28, 2011 2:26 PM"
"Paignton","United Kingdom","--","--","GB","Feb 28, 2011 2:26 PM"
"peterborough","United Kingdom","--","--","GB","Feb 28, 2011 2:26 PM"
"Plymouth","United Kingdom","--","--","GB","Feb 28, 2011 2:26 PM"
"Plymouth","United Kingdom","--","--","GB","Feb 28, 2011 2:26 PM"
"Reading","United Kingdom","--","--","GB","Feb 28, 2011 2:26 PM"
"Reigate","United Kingdom","--","--","GB","Feb 28, 2011 2:26 PM"
"Saffron Walden","United Kingdom","--","--","GB","Feb 28, 2011 2:26 PM"
"Salford","United Kingdom","--","--","GB","Feb 28, 2011 2:26 PM"
"Sawbridgeworth","United Kingdom","--","--","GB","Feb 28, 2011 2:26 PM"
"Sevenoaks","United Kingdom","--","--","GB","Feb 28, 2011 2:26 PM"
"Smethwick","United Kingdom","--","--","GB","Feb 28, 2011 2:26 PM"
"Southampton","United Kingdom","--","--","GB","Feb 28, 2011 2:26 PM"
"St Albans","United Kingdom","--","--","GB","Feb 28, 2011 2:26 PM"
"St Helens Merseyide","United Kingdom","--","--","GB","Feb 28, 2011 2:26 PM"
"stoke-on-trent","United Kingdom","--","--","GB","Feb 28, 2011 2:26 PM"
"Sunderland","United Kingdom","--","--","GB","Feb 28, 2011 2:26 PM"
"Surbiton","United Kingdom","--","--","GB","Feb 28, 2011 2:26 PM"
"Swansea","United Kingdom","--","--","GB","Feb 28, 2011 2:26 PM"
"taunton","United Kingdom","--","--","GB","Feb 28, 2011 2:26 PM"
"Tunbridge Wells","United Kingdom","--","--","GB","Feb 28, 2011 2:26 PM"
"Watford","United Kingdom","--","--","GB","Feb 28, 2011 2:26 PM"
"West Wickham","United Kingdom","--","--","GB","Feb 28, 2011 2:26 PM"
"Weston-Super-Mare","United Kingdom","--","--","GB","Feb 28, 2011 2:26 PM"
"Winchester","United Kingdom","--","--","GB","Feb 28, 2011 2:26 PM"
"Woking","United Kingdom","--","--","GB","Feb 28, 2011 2:26 PM"
,"United Kingdom","--","--","GB","Feb 28, 2011 2:26 PM"
,"United Kingdom","--","--","GB","Feb 28, 2011 2:26 PM"
,"United Kingdom","--","--","GB","Feb 28, 2011 2:26 PM"
,"United Kingdom","--","--","GB","Feb 28, 2011 2:26 PM"
,"United Kingdom","--","--","GB","Feb 28, 2011 2:26 PM"
,"United Kingdom","--","--","GB","Feb 28, 2011 2:26 PM"
,"United Kingdom","--","--","GB","Feb 28, 2011 2:26 PM"
,"United Kingdom","--","--","GB","Feb 28, 2011 2:26 PM"
,"United Kingdom","--","--","GB","Feb 28, 2011 2:26 PM"
,"United Kingdom","--","--","GB","Feb 28, 2011 2:26 PM"
,"United Kingdom","--","--","GB","Feb 28, 2011 2:26 PM"
,"United Kingdom","--","--","GB","Feb 28, 2011 2:26 PM"
,"United Kingdom","--","--","GB","Feb 28, 2011 2:26 PM"
,"United Kingdom","--","--","GB","Feb 28, 2011 2:26 PM"
,"United Kingdom","--","--","GB","Feb 28, 2011 2:26 PM"
,"United Kingdom","--","--","GB","Feb 28, 2011 2:26 PM"
,"United Kingdom","--","--","GB","Feb 28, 2011 2:26 PM"
,"United Kingdom","--","--","GB","Feb 28, 2011 2:26 PM"
,"United Kingdom","--","--","GB","Feb 28, 2011 2:26 PM"
,"United Kingdom","--","--","GB","Feb 28, 2011 2:26 PM"
,"United Kingdom","--","--","GB","Feb 28, 2011 2:26 PM"
,"United Kingdom","--","--","GB","Feb 28, 2011 2:26 PM"
,"United Kingdom","--","--","GB","Feb 28, 2011 2:26 PM"
,"United Kingdom","--","--","GB","Feb 28, 2011 2:26 PM"
,"United Kingdom","--","--","GB","Feb 28, 2011 2:26 PM"
,"United Kingdom","--","--","GB","Feb 28, 2011 2:26 PM"
,"United Kingdom","--","--","GB","Feb 28, 2011 2:26 PM"
,"United Kingdom","--","--","GB","Feb 28, 2011 2:26 PM"
,"United Kingdom","--","--","GB","Feb 28, 2011 2:26 PM"
,"United Kingdom","--","--","GB","Feb 28, 2011 2:26 PM"
,"United Kingdom","--","--","GB","Feb 28, 2011 2:26 PM"
,"United Kingdom","--","--","GB","Feb 28, 2011 2:26 PM"
,"United Kingdom","--","--","GB","Feb 28, 2011 2:26 PM"
,"United Kingdom","--","--","GB","Feb 28, 2011 2:26 PM"
,"United Kingdom","--","--","GB","Feb 28, 2011 2:26 PM"
,"United Kingdom","--","--","GB","Feb 28, 2011 2:26 PM"
,"United Kingdom","--","--","GB","Feb 28, 2011 2:26 PM"
,"United Kingdom","--","--","GB","Feb 28, 2011 2:26 PM"
,"United Kingdom","--","--","GB","Feb 28, 2011 2:26 PM"
,"United Kingdom","--","--","GB","Feb 28, 2011 2:26 PM"
,"United Kingdom","--","--","GB","Feb 28, 2011 2:26 PM"
,"United Kingdom","--","--","GB","Feb 28, 2011 2:26 PM"
,"United Kingdom","--","--","GB","Feb 28, 2011 2:26 PM"
,"United Kingdom","--","--","GB","Feb 28, 2011 2:26 PM"
,"United Kingdom","--","--","GB","Feb 28, 2011 2:26 PM"
,"United Kingdom","--","--","GB","Feb 28, 2011 2:26 PM"
,"United Kingdom","--","--","GB","Feb 28, 2011 2:26 PM"
,"United Kingdom","--","--","GB","Feb 28, 2011 2:26 PM"
,"United Kingdom","--","--","GB","Feb 28, 2011 2:26 PM"
,"United Kingdom","--","--","GB","Feb 28, 2011 2:26 PM"
,"United Kingdom","--","--","GB","Feb 28, 2011 2:26 PM"
,"United Kingdom","--","--","GB","Feb 28, 2011 2:26 PM"
,"United Kingdom","--","--","GB","Feb 28, 2011 2:26 PM"
,"United Kingdom","--","--","GB","Feb 28, 2011 2:26 PM"
,"United Kingdom","--","--","GB","Feb 28, 2011 2:26 PM"
,"United Kingdom","--","--","GB","Feb 28, 2011 2:26 PM"
,"United Kingdom","--","--","GB","Feb 28, 2011 2:26 PM"
,"United Kingdom","--","--","GB","Feb 28, 2011 2:26 PM"
,"United Kingdom","--","--","GB","Feb 28, 2011 2:26 PM"
,"United Kingdom","--","--","GB","Feb 28, 2011 2:26 PM"
,"United Kingdom","--","--","GB","Feb 28, 2011 2:26 PM"
,"United Kingdom","--","--","GB","Feb 28, 2011 2:26 PM"
,"United Kingdom","--","--","GB","Feb 28, 2011 2:26 PM"
,"United Kingdom","--","--","GB","Feb 28, 2011 2:26 PM"
,"United Kingdom","--","--","GB","Feb 28, 2011 2:26 PM"
,"United Kingdom","--","--","GB","Feb 28, 2011 2:26 PM"
,"United Kingdom","--","--","GB","Feb 28, 2011 2:26 PM"
,"United Kingdom","--","--","GB","Feb 28, 2011 2:26 PM"
"LEEDS","United Kingdom","IE 9.0","Windows7","GB","Jun 30, 2011 2:28 PM"
"Ipswich","United Kingdom","--","--","GB","Mar 14, 2011 1:39 PM"
"London","United Kingdom","--","--","GB","Mar 15, 2011 10:46 AM"
"London","United Kingdom","--","--","GB","Mar 15, 2011 10:47 AM"
"Cambridge","United Kingdom","--","--","GB","Oct 7, 2011 11:47 AM"
"Cambridge","United Kingdom","--","--","GB","Oct 7, 2011 11:47 AM"
"Cambridge","United Kingdom","--","--","GB","Oct 7, 2011 11:47 AM"
"London","United Kingdom","--","--","GB","Oct 7, 2011 11:47 AM"
,"United Kingdom","--","--","GB","Oct 7, 2011 11:47 AM"
"Cambridge","United Kingdom","--","--","GB","Oct 7, 2011 11:48 AM"
"Cambridge","United Kingdom","--","--","GB","Oct 7, 2011 11:48 AM"
"Cambridge","United Kingdom","--","--","GB","Oct 7, 2011 11:48 AM"
"Cardiff","United Kingdom","--","--","GB","Oct 7, 2011 11:48 AM"
"London","United Kingdom","--","--","GB","Oct 7, 2011 11:48 AM"
"London","United Kingdom","--","--","GB","Oct 7, 2011 11:48 AM"
"London","United Kingdom","--","--","GB","Oct 7, 2011 11:48 AM"
"London","United Kingdom","--","--","GB","Oct 7, 2011 11:48 AM"
"London","United Kingdom","--","--","GB","Oct 7, 2011 11:48 AM"
"London","United Kingdom","--","--","GB","Oct 7, 2011 11:48 AM"
"London","United Kingdom","--","--","GB","Oct 7, 2011 11:48 AM"
"London","United Kingdom","--","--","GB","Oct 7, 2011 11:48 AM"
"London","United Kingdom","--","--","GB","Oct 7, 2011 11:48 AM"
"London","United Kingdom","--","--","GB","Oct 7, 2011 11:48 AM"
"London","United Kingdom","--","--","GB","Oct 7, 2011 11:48 AM"
"Beaumaris","United Kingdom","--","--","GB","Sep 6, 2011 9:38 AM"
"Cambridge","United Kingdom","--","--","GB","Sep 6, 2011 9:38 AM"
"Cambridge","United Kingdom","--","--","GB","Sep 6, 2011 9:38 AM"
"Cambridge","United Kingdom","--","--","GB","Sep 6, 2011 9:38 AM"
"Cambridge","United Kingdom","--","--","GB","Sep 6, 2011 9:38 AM"
"Cambridge","United Kingdom","--","--","GB","Sep 6, 2011 9:38 AM"
"Cambridge","United Kingdom","--","--","GB","Sep 6, 2011 9:38 AM"
"London","United Kingdom","--","--","GB","Sep 6, 2011 9:38 AM"
"London","United Kingdom","--","--","GB","Sep 6, 2011 9:38 AM"
"London","United Kingdom","--","--","GB","Sep 6, 2011 9:38 AM"
"London","United Kingdom","--","--","GB","Sep 6, 2011 9:38 AM"
"London","United Kingdom","--","--","GB","Sep 6, 2011 9:38 AM"
"London","United Kingdom","--","--","GB","Sep 6, 2011 9:38 AM"
,"United Kingdom","--","--","GB","Sep 6, 2011 9:38 AM"
"Liverpool","United Kingdom","Chrome 12.0","Windows7","GB","Jul 26, 2011 3:15 PM"
,"United Kingdom","Chrome 15.0","MacOs","GB","Dec 8, 2011 7:16 PM"
,"United Kingdom","Chrome 16.0","WinXP","GB","Feb 10, 2012 9:09 PM"
,"United Kingdom","IE 8.0","Windows7","GB","Feb 23, 2012 11:09 AM"
,"United Kingdom","Chrome 9.0","MacOs","GB","Feb 27, 2011 2:36 PM"
,"United Kingdom","IE 9.0","Windows7","GB","Feb 27, 2012 5:44 PM"
,"United Kingdom","Safari 5.0.5","MacOs","GB","Feb 27, 2012 6:10 PM"
,"United Kingdom","Chrome 17.0","Windows7","GB","Feb 27, 2012 9:06 PM"
"Leicester","United Kingdom","--","--","GB","Feb 28, 2011 2:25 PM"
"London","United Kingdom","--","--","GB","Feb 28, 2011 2:25 PM"
"London","United Kingdom","--","--","GB","Feb 28, 2011 2:25 PM"
,"United Kingdom","IE 8.0","WinVista","GB","Feb 28, 2012 10:41 AM"
,"United Kingdom","Safari 5.0.5","MacOs","GB","Feb 28, 2012 2:24 PM"
,"United Kingdom","Safari 5.1.2","MacOs","GB","Feb 28, 2012 2:53 PM"
,"United Kingdom","FireFox 4.0","WinXP","GB","Feb 3, 2012 10:46 AM"
,"United Kingdom","Safari 5.1.2","MacOs","GB","Feb 6, 2012 10:42 AM"
,"United Kingdom","Netscape 5.0","MacOs","GB","Feb 6, 2012 2:06 AM"
,"United Kingdom","Safari 5.0.6","MacOs","GB","Feb 8, 2012 3:11 PM"
,"United Kingdom","Safari 5.0.2","MacOs","GB","Feb 9, 2012 3:47 PM"
,"United Kingdom","Chrome 16.0","MacOs","GB","Feb 9, 2012 8:47 AM"
,"United Kingdom","Chrome 10.0","WinXP","GB","Jan 13, 2012 6:04 PM"
,"United Kingdom","Chrome 10.0","WinXP","GB","Jan 13, 2012 6:10 PM"
,"United Kingdom","Safari 5.0.6","MacOs","GB","Jan 16, 2012 2:06 PM"
,"United Kingdom","IE 8.0","WinVista","GB","Jan 23, 2012 10:09 AM"
,"United Kingdom","IE 8.0","WinXP","GB","Jan 24, 2012 12:47 PM"
,"United Kingdom","IE 8.0","WinVista","GB","Jan 30, 2012 10:58 AM"
,"United Kingdom","FireFox 3.0","WinVista","GB","Jan 30, 2012 9:05 AM"
,"United Kingdom","FireFox 3.6","MacOs","GB","Jan 31, 2012 2:25 PM"
,"United Kingdom","IE 8.0","WinXP","GB","Jan 31, 2012 6:37 PM"
,"United Kingdom","IE 9.0","WinVista","GB","Jul 11, 2011 12:54 PM"
,"United Kingdom","Safari 5.0.2","MacOs","GB","Jul 18, 2011 8:02 PM"
,"United Kingdom","IE 8.0","Windows7","GB","Jul 19, 2011 9:57 AM"
,"United Kingdom","IE 8.0","WinXP","GB","Jul 21, 2011 5:32 PM"
,"United Kingdom","IE 8.0","WinXP","GB","Jul 22, 2011 3:06 PM"
,"United Kingdom","FireFox 5.0","WinVista","GB","Jul 25, 2011 10:27 PM"
,"United Kingdom","FireFox 5.0","Windows7","GB","Jul 25, 2011 10:49 PM"
,"United Kingdom","Netscape 5.0","MacOs","GB","Jul 25, 2011 6:15 PM"
,"United Kingdom","Netscape 5.0","MacOs","GB","Jul 25, 2011 7:53 PM"
,"United Kingdom","FireFox 5.0","MacOs","GB","Jul 28, 2011 10:03 PM"
,"United Kingdom","IE 8.0","WinVista","GB","Jul 28, 2011 4:27 PM"
,"United Kingdom","FireFox 5.0","Windows7","GB","Jul 29, 2011 8:41 PM"
,"United Kingdom","IE 8.0","WinXP","GB","Jul 4, 2011 3:21 PM"
,"United Kingdom","Chrome 12.0","MacOs","GB","Jul 5, 2011 12:23 PM"
,"United Kingdom","FireFox 4.0","WinXP","GB","Jun 1, 2011 10:54 AM"
,"United Kingdom","FireFox 4.0","MacOs","GB","Jun 1, 2011 8:02 PM"
,"United Kingdom","IE 7.0","WinXP","GB","Jun 1, 2011 8:20 AM"
,"United Kingdom","IE 9.0","Windows7","GB","Jun 2, 2011 12:24 PM"
,"United Kingdom","Safari 5.0.2","MacOs","GB","Jun 23, 2011 11:40 AM"
,"United Kingdom","IE 8.0","Windows7","GB","Jun 23, 2011 6:12 PM"
,"United Kingdom","Safari 5.0","MacOs","GB","Jun 29, 2011 7:04 PM"
,"United Kingdom","FireFox 4.0","WinXP","GB","Jun 7, 2011 3:10 PM"
,"United Kingdom","IE 8.0","WinXP","GB","Mar 10, 2011 4:28 PM"
,"United Kingdom","Safari 5.0.3","MacOs","GB","Mar 11, 2011 4:07 PM"
,"United Kingdom","IE 8.0","Windows7","GB","Mar 12, 2011 10:02 PM"
,"United Kingdom","IE 8.0","WinXP","GB","Mar 12, 2011 2:15 PM"
,"United Kingdom","Chrome 10.0","WinVista","GB","Mar 12, 2011 9:40 PM"
,"United Kingdom","FireFox 3.6","WinVista","GB","Mar 16, 2011 11:14 AM"
,"United Kingdom","FireFox 3.6","WinVista","GB","Mar 16, 2011 11:32 AM"
,"United Kingdom","IE 9.0","Windows7","GB","Mar 16, 2012 12:40 PM"
,"United Kingdom","Chrome 10.0","Windows7","GB","Mar 17, 2011 3:09 PM"
,"United Kingdom","IE 8.0","WinXP","GB","Mar 18, 2011 11:08 AM"
,"United Kingdom","Safari 4.0","Linux","GB","Mar 18, 2011 2:08 PM"
,"United Kingdom","Safari 5.0.4","MacOs","GB","Mar 18, 2011 7:07 PM"
,"United Kingdom","FireFox 3.6","WinXP","GB","Mar 19, 2011 11:07 PM"
,"United Kingdom","Safari 4.0.5","MacOs","GB","Mar 20, 2011 8:41 AM"
,"United Kingdom","Safari 5.0.4","MacOs","GB","Mar 20, 2011 9:44 PM"
,"United Kingdom","FireFox 11.0","MacOs","GB","Mar 24, 2012 10:16 AM"
,"United Kingdom","Chrome 10.0","WinXP","GB","Mar 25, 2011 4:13 PM"
,"United Kingdom","Chrome 10.0","Windows7","GB","Mar 27, 2011 1:48 PM"
,"United Kingdom","Chrome 10.0","Windows7","GB","Mar 27, 2011 3:32 AM"
,"United Kingdom","Safari 5.0.4","MacOs","GB","Mar 27, 2011 6:52 PM"
,"United Kingdom","IE 7.0","WinXP","GB","Mar 28, 2011 5:09 PM"
,"United Kingdom","FireFox 3.6","MacOs","GB","Mar 3, 2011 1:22 PM"
,"United Kingdom","Safari 5.0.2","MacOs","GB","Mar 30, 2011 11:43 PM"
,"United Kingdom","Safari 5.0.1","MacOs","GB","Mar 30, 2011 3:21 PM"
,"United Kingdom","Safari 7.0.0.585","???","GB","Mar 31, 2012 9:06 AM"
,"United Kingdom","IE 7.0","WinXP","GB","Mar 5, 2011 2:12 PM"
,"United Kingdom","IE 8.0","Windows7","GB","Mar 5, 2012 5:47 PM"
,"United Kingdom","IE 9.0","Windows7","GB","Mar 6, 2012 11:00 PM"
,"United Kingdom","Chrome 17.0","Windows7","GB","Mar 9, 2012 8:02 PM"
,"United Kingdom","Chrome 11.0","WinXP","GB","May 10, 2011 6:55 PM"
,"United Kingdom","Chrome 11.0","Windows7","GB","May 10, 2011 8:14 PM"
,"United Kingdom","Safari 5.0.5","MacOs","GB","May 10, 2012 12:33 AM"
,"United Kingdom","IE 9.0","WinVista","GB","May 14, 2012 4:34 PM"
,"United Kingdom","Chrome 18.0","WinVista","GB","May 15, 2012 8:23 PM"
,"United Kingdom","FireFox 4.0","Windows7","GB","May 18, 2011 3:25 PM"
,"United Kingdom","FireFox 4.0","Windows7","GB","May 18, 2011 9:55 AM"
,"United Kingdom","FireFox 12.0","Windows7","GB","May 18, 2012 11:24 PM"
,"United Kingdom","Chrome 19.0","WinVista","GB","May 19, 2012 10:40 AM"
,"United Kingdom","IE 8.0","Windows7","GB","May 2, 2011 3:12 PM"
,"United Kingdom","IE 9.0","Windows7","GB","May 2, 2012 1:20 PM"
,"United Kingdom","Safari 5.0.3","MacOs","GB","May 22, 2011 10:40 AM"
,"United Kingdom","Safari 5.0.2","MacOs","GB","May 22, 2011 11:08 AM"
,"United Kingdom","Safari 5.0.4","MacOs","GB","May 22, 2011 12:29 PM"
,"United Kingdom","FireFox 3.6","WinXP","GB","May 23, 2011 3:12 PM"
,"United Kingdom","IE 8.0","WinXP","GB","May 25, 2011 9:41 AM"
,"United Kingdom","FireFox 3.5","MacOs","GB","May 26, 2011 4:12 PM"
,"United Kingdom","IE 7.0","WinXP","GB","May 26, 2011 9:47 AM"
,"United Kingdom","IE 7.0","WinXP","GB","May 27, 2011 9:04 AM"
,"United Kingdom","Chrome 11.0","WinVista","GB","May 29, 2011 9:54 PM"
,"United Kingdom","Safari 5.0.5","MacOs","GB","May 31, 2011 12:42 PM"
,"United Kingdom","IE 7.0","WinVista","GB","May 4, 2012 10:35 AM"
,"United Kingdom","IE 8.0","WinXP","GB","May 5, 2011 2:47 PM"
,"United Kingdom","IE 8.0","WinXP","GB","May 6, 2011 8:27 PM"
,"United Kingdom","Safari 5.0.2","MacOs","GB","May 7, 2011 1:31 PM"
,"United Kingdom","FireFox 3.6","MacOs","GB","May 8, 2011 11:52 AM"
,"United Kingdom","Safari 4.0.4","MacOs","GB","May 9, 2011 11:57 PM"
,"United Kingdom","FireFox 12.0","Windows7","GB","May 9, 2012 2:01 PM"
,"United Kingdom","Chrome 15.0","Windows7","GB","Nov 13, 2011 5:51 PM"
,"United Kingdom","IE 8.0","WinXP","GB","Nov 17, 2011 2:32 PM"
,"United Kingdom","IE 8.0","WinXP","GB","Nov 17, 2011 2:32 PM"
,"United Kingdom","Netscape 5.0","MacOs","GB","Nov 2, 2011 7:23 PM"
,"United Kingdom","IE 8.0","Windows7","GB","Nov 23, 2011 4:37 PM"
,"United Kingdom","FireFox 8.0","WinXP","GB","Nov 29, 2011 1:48 PM"
"Oxford","United Kingdom","IE 8.0","WinXP","GB","Nov 29, 2011 12:32 PM"
,"United Kingdom","Chrome 14.0","MacOs","GB","Oct 12, 2011 10:08 PM"
,"United Kingdom","Safari 4.1.3","MacOs","GB","Oct 17, 2011 2:44 PM"
,"United Kingdom","FireFox 6.0","Windows7","GB","Oct 21, 2011 10:36 PM"
,"United Kingdom","Chrome 14.0","WinVista","GB","Oct 22, 2011 11:23 AM"
,"United Kingdom","Safari 5.1","MacOs","GB","Oct 3, 2011 2:25 PM"
,"United Kingdom","Safari 5.0.6","MacOs","GB","Oct 30, 2011 4:31 PM"
,"United Kingdom","FireFox 7.0","Windows7","GB","Oct 30, 2011 6:56 PM"
,"United Kingdom","Chrome 14.0","Windows7","GB","Oct 5, 2011 2:50 PM"
,"United Kingdom","FireFox 3.6","Linux","GB","Oct 5, 2011 5:05 PM"
,"United Kingdom","Chrome 14.0","WinXP","GB","Oct 6, 2011 10:58 AM"
,"United Kingdom","IE 8.0","Windows7","GB","Sep 1, 2011 4:35 PM"
,"United Kingdom","FireFox 6.0","WinXP","GB","Sep 10, 2011 11:46 AM"
,"United Kingdom","FireFox 6.0","WinVista","GB","Sep 10, 2011 2:23 PM"
,"United Kingdom","IE 9.0","Windows7","GB","Sep 10, 2011 4:22 PM"
,"United Kingdom","Netscape 5.0","MacOs","GB","Sep 10, 2011 8:22 AM"
,"United Kingdom","Safari 5.1","MacOs","GB","Sep 11, 2011 11:20 PM"
,"United Kingdom","IE 9.0","WinVista","GB","Sep 11, 2011 4:57 PM"
,"United Kingdom","FireFox 6.0","Windows7","GB","Sep 11, 2011 7:06 PM"
,"United Kingdom","Safari 5.0.2","MacOs","GB","Sep 14, 2011 6:38 AM"
,"United Kingdom","Netscape 5.0","MacOs","GB","Sep 17, 2011 9:02 AM"
,"United Kingdom","Chrome 14.0","WinXP","GB","Sep 18, 2011 2:26 PM"
,"United Kingdom","FireFox 3.6","MacOs","GB","Sep 21, 2011 3:30 PM"
,"United Kingdom","Safari 4.0","Linux","GB","Sep 27, 2011 1:09 AM"
,"United Kingdom","Chrome 14.0","Windows7","GB","Sep 27, 2011 5:20 PM"
,"United Kingdom","FireFox 6.0","WinXP","GB","Sep 28, 2011 5:05 PM"
,"United Kingdom","FireFox 6.0","MacOs","GB","Sep 30, 2011 12:44 PM"
,"United Kingdom","FireFox 3.5","MacOs","GB","Sep 4, 2011 1:32 AM"
,"United Kingdom","IE 8.0","WinXP","GB","Sep 4, 2011 10:17 PM"
,"United Kingdom","IE 8.0","WinXP","GB","Sep 6, 2011 3:36 PM"
,"United Kingdom","IE 9.0","Windows7","GB","Sep 6, 2011 5:18 PM"
,"United Kingdom","Safari 4.1.3","MacOs","GB","Sep 7, 2011 3:29 PM"
,"United Kingdom","Safari 5.1","MacOs","GB","Sep 7, 2011 7:41 PM"
,"United Kingdom","Safari 4.1.3","MacOs","GB","Sep 8, 2011 1:44 AM"
,"United Kingdom","FireFox 6.0","WinVista","GB","Sep 8, 2011 4:12 PM"
,"United Kingdom","Safari 5.0.5","MacOs","GB","Sep 8, 2011 6:03 PM"
,"United Kingdom","IE 7.0","WinXP","GB","Sep 9, 2011 1:29 PM"
,"United Kingdom","IE 8.0","WinXP","GB","Sep 9, 2011 10:03 AM"
,"United Kingdom","Chrome 13.0","Windows7","GB","Sep 9, 2011 12:15 PM"
,"United Kingdom","IE 8.0","Windows7","GB","Sep 9, 2011 2:28 PM"
,"United Kingdom","IE 7.0","Windows7","GB","Sep 9, 2011 2:43 PM"
,"United Kingdom","FireFox 6.0","MacOs","GB","Sep 9, 2011 2:54 PM"
,"United Kingdom","IE 8.0","WinXP","GB","Sep 9, 2011 3:43 PM"
,"United Kingdom","IE 7.0","WinVista","GB","Sep 9, 2011 3:57 PM"
,"United Kingdom","Safari 5.1","MacOs","GB","Sep 9, 2011 6:33 PM"
,"United Kingdom","IE 9.0","Windows7","GB","Sep 9, 2011 7:19 PM"
,"Ireland","FireFox 6.0","MacOs","IE","Aug 27, 2011 7:58 PM"
,"Ireland","IE 7.0","WinVista","IE","May 12, 2011 10:24 PM"
,"Italy","FireFox 3.6","Windows7","IT","Mar 11, 2012 12:44 AM"
,"Norway","IE 8.0","Windows7","NO","Mar 18, 2011 12:33 PM"
,"New Zealand","Chrome 12.0","Windows7","NZ","Jul 7, 2011 4:52 AM"
,"New Zealand","FireFox 4.0","WinXP","NZ","Jun 13, 2011 2:22 AM"
,"Peru","Safari 5.0.5","MacOs","PE","Sep 24, 2011 4:20 AM"
,"Singapore","Safari 5.0.3","MacOs","SG","Apr 16, 2011 3:44 AM"
,"Singapore","Chrome 18.0","MacOs","SG","Apr 17, 2012 12:22 PM"
,"Singapore","IE 8.0","WinXP","SG","Mar 30, 2011 12:04 PM"
,"Thailand","FireFox 4.0","WinXP","TH","Aug 13, 2011 11:13 AM"
"New York","United States of America","--","--","US","Sep 6, 2011 9:39 AM"
,"United States of America","--","--","US","Sep 6, 2011 9:39 AM"
,"United States of America","--","--","US","Sep 6, 2011 9:39 AM"
,"United States of America","--","--","US","Sep 6, 2011 9:39 AM"
,"United States of America","--","--","US","Sep 6, 2011 9:39 AM"
,"United States of America","--","--","US","Sep 6, 2011 9:39 AM"
,"United States of America","--","--","US","Sep 6, 2011 9:39 AM"
,"United States of America","--","--","US","Sep 6, 2011 9:39 AM"
,"United States of America","--","--","US","Sep 6, 2011 9:39 AM"
,"United States of America","--","--","US","Sep 6, 2011 9:39 AM"
,"United States of America","--","--","US","Sep 6, 2011 9:39 AM"
,"United States of America","--","--","US","Sep 6, 2011 9:39 AM"
,"United States of America","--","--","US","Sep 6, 2011 9:39 AM"
,"United States of America","--","--","US","Sep 6, 2011 9:39 AM"
,"United States of America","--","--","US","Sep 6, 2011 9:39 AM"
,"United States of America","--","--","US","Sep 6, 2011 9:39 AM"
,"United States of America","--","--","US","Sep 6, 2011 9:39 AM"
,"United States of America","--","--","US","Sep 6, 2011 9:39 AM"
,"United States of America","--","--","US","Sep 6, 2011 9:39 AM"
,"United States of America","--","--","US","Sep 6, 2011 9:39 AM"
,"United States of America","--","--","US","Sep 6, 2011 9:39 AM"
,"United States of America","--","--","US","Sep 6, 2011 9:39 AM"
,"United States of America","--","--","US","Sep 6, 2011 9:39 AM"
,"United States of America","--","--","US","Sep 6, 2011 9:39 AM"
"San Francisco","United States of America","--","--","US","Feb 28, 2011 2:25 PM"
"San Franciso","United States of America","--","--","US","Feb 28, 2011 2:25 PM"
"Smyrna","United States of America","--","--","US","Feb 28, 2011 2:25 PM"
"wilmette","United States of America","--","--","US","Feb 28, 2011 2:25 PM"
,"United States of America","--","--","US","Feb 28, 2011 2:25 PM"
,"United States of America","--","--","US","Feb 28, 2011 2:25 PM"
"brooklyn","United States of America","--","--","US","Feb 28, 2011 2:26 PM"
"Colchester","United States of America","--","--","US","Feb 28, 2011 2:26 PM"
"Columbus","United States of America","--","--","US","Feb 28, 2011 2:26 PM"
"Edinburgh","United States of America","--","--","US","Feb 28, 2011 2:26 PM"
"New York","United States of America","--","--","US","Feb 28, 2011 2:26 PM"
"New York","United States of America","--","--","US","Feb 28, 2011 2:26 PM"
"San Francisco","United States of America","--","--","US","Feb 28, 2011 2:26 PM"
"Santa Monica","United States of America","--","--","US","Feb 28, 2011 2:26 PM"
,"United States of America","--","--","US","Feb 28, 2011 2:26 PM"
,"United States of America","--","--","US","Feb 28, 2011 2:26 PM"
,"United States of America","--","--","US","Feb 28, 2011 2:26 PM"
,"United States of America","--","--","US","Feb 28, 2011 2:26 PM"
,"United States of America","--","--","US","Feb 28, 2011 2:26 PM"
,"United States of America","--","--","US","Feb 28, 2011 2:26 PM"
,"United States of America","--","--","US","Feb 28, 2011 2:26 PM"
,"United States of America","--","--","US","Feb 28, 2011 2:26 PM"
,"United States of America","--","--","US","Feb 28, 2011 2:26 PM"
,"United States of America","--","--","US","Feb 28, 2011 2:26 PM"
,"United States of America","--","--","US","Feb 28, 2011 2:26 PM"
,"United States of America","--","--","US","Feb 28, 2011 2:26 PM"
,"United States of America","--","--","US","Feb 28, 2011 2:26 PM"
,"United States of America","Netscape 5.0","MacOs","US","Dec 1, 2011 2:14 PM"
,"United States of America","Chrome 16.0","MacOs","US","Feb 3, 2012 9:58 PM"
,"United States of America","Chrome 16.0","Windows7","US","Jan 2, 2012 5:16 AM"
,"United States of America","Safari 5.0.5","MacOs","US","Jul 4, 2011 12:49 AM"
,"United States of America","Safari 4.0.5","MacOs","US","Jun 18, 2011 7:16 AM"
,"United States of America","Chrome 15.0","Windows7","US","Nov 28, 2011 3:54 PM"
,"United States of America","FireFox 3.6","MacOs","US","Sep 13, 2011 2:09 AM"
